2023-10-26T00:30:41.000+08:00,113.62.160.110,57196,西藏自治区,拉萨市,"",西藏贡嘎县人民医院
2023-10-26T00:39:48.000+08:00,39.152.72.217,3306,辽宁省,朝阳市,凌源市,凌源市红山街道办事处
2023-10-26T00:40:04.000+08:00,39.152.72.217,3306,辽宁省,朝阳市,凌源市,凌源市红山街道办事处
2023-10-26T00:54:43.000+08:00,219.148.185.78,5432,内蒙古自治区,巴彦淖尔市,临河区,巴彦淖尔市临河区文化旅游体育局
2023-10-26T00:59:49.000+08:00,60.220.217.134,48722,山西省,长治市,武乡县,武乡中学校
2023-10-26T01:17:12.000+08:00,27.115.7.94,5432,上海市,上海市,长宁区,水利部交通运输部国家能源局南京水利科学研究院
2023-10-26T01:17:13.000+08:00,27.115.7.94,5432,上海市,上海市,长宁区,水利部交通运输部国家能源局南京水利科学研究院
2023-10-26T02:20:46.000+08:00,60.220.217.134,40364,山西省,长治市,武乡县,武乡中学校
2023-10-26T02:39:25.000+08:00,60.164.251.189,5432,甘肃省,临夏回族自治州,临夏市,州中医院
2023-10-26T02:47:24.000+08:00,120.202.26.125,26379,湖北省,武汉市,江汉区,武汉市江夏区水务局
2023-10-26T02:47:25.000+08:00,120.202.26.125,26379,湖北省,武汉市,江汉区,武汉市江夏区水务局
2023-10-26T02:57:36.000+08:00,36.32.120.114,8499,安徽省,宿州市,埇桥区,中煤第七十一工程处有限责任公司
2023-10-26T02:57:48.000+08:00,36.32.120.114,8499,安徽省,宿州市,埇桥区,中煤第七十一工程处有限责任公司
2023-10-26T02:59:37.000+08:00,36.32.120.114,8499,安徽省,宿州市,埇桥区,中煤第七十一工程处有限责任公司
2023-10-26T02:59:40.000+08:00,36.32.120.114,8499,安徽省,宿州市,埇桥区,中煤第七十一工程处有限责任公司
2023-10-26T02:59:56.000+08:00,36.32.120.114,8499,安徽省,宿州市,埇桥区,中煤第七十一工程处有限责任公司
2023-10-26T03:00:00.000+08:00,36.32.120.114,8499,安徽省,宿州市,埇桥区,中煤第七十一工程处有限责任公司
2023-10-26T03:02:31.000+08:00,36.32.120.114,8499,安徽省,宿州市,埇桥区,中煤第七十一工程处有限责任公司
2023-10-26T03:02:32.000+08:00,36.32.120.114,8499,安徽省,宿州市,埇桥区,中煤第七十一工程处有限责任公司
2023-10-26T03:02:33.000+08:00,36.32.120.114,8499,安徽省,宿州市,埇桥区,中煤第七十一工程处有限责任公司
2023-10-26T03:02:37.000+08:00,36.32.120.114,8499,安徽省,宿州市,埇桥区,中煤第七十一工程处有限责任公司
2023-10-26T03:03:05.000+08:00,36.32.120.114,8499,安徽省,宿州市,埇桥区,中煤第七十一工程处有限责任公司
2023-10-26T03:03:09.000+08:00,36.32.120.114,8499,安徽省,宿州市,埇桥区,中煤第七十一工程处有限责任公司
2023-10-26T03:04:25.000+08:00,36.32.120.114,8499,安徽省,宿州市,埇桥区,中煤第七十一工程处有限责任公司
2023-10-26T03:04:26.000+08:00,36.32.120.114,8499,安徽省,宿州市,埇桥区,中煤第七十一工程处有限责任公司
2023-10-26T03:06:05.000+08:00,36.32.120.114,8499,安徽省,宿州市,埇桥区,中煤第七十一工程处有限责任公司
2023-10-26T03:06:12.000+08:00,36.32.120.114,8499,安徽省,宿州市,埇桥区,中煤第七十一工程处有限责任公司
2023-10-26T03:06:13.000+08:00,36.32.120.114,8499,安徽省,宿州市,埇桥区,中煤第七十一工程处有限责任公司
2023-10-26T03:06:14.000+08:00,36.32.120.114,8499,安徽省,宿州市,埇桥区,中煤第七十一工程处有限责任公司
2023-10-26T03:07:32.000+08:00,36.153.77.140,5432,江苏省,徐州市,鼓楼区,徐州市鼓楼区琵琶街道办事处
2023-10-26T03:10:42.000+08:00,36.32.120.114,8499,安徽省,宿州市,埇桥区,中煤第七十一工程处有限责任公司
2023-10-26T03:10:58.000+08:00,36.32.120.114,8499,安徽省,宿州市,埇桥区,中煤第七十一工程处有限责任公司
2023-10-26T03:12:58.000+08:00,36.32.120.114,8499,安徽省,宿州市,埇桥区,中煤第七十一工程处有限责任公司
2023-10-26T03:15:01.000+08:00,111.11.87.130,5432,河北省,石家庄市,裕华区,石家庄移动网络部全业务组
2023-10-26T03:18:10.000+08:00,27.115.7.94,5432,上海市,上海市,长宁区,水利部交通运输部国家能源局南京水利科学研究院
2023-10-26T03:20:32.000+08:00,219.148.185.78,5432,内蒙古自治区,巴彦淖尔市,临河区,巴彦淖尔市临河区文化旅游体育局
2023-10-26T03:33:38.000+08:00,183.129.237.52,5432,浙江省,杭州市,市辖区,浙江大学城乡规划设计研究院有限公司
2023-10-26T03:40:28.000+08:00,218.94.80.204,5432,江苏省,南京市,玄武区,江苏省戒毒管理局
2023-10-26T03:53:31.000+08:00,110.249.174.38,6379,河北省,石家庄市,长安区,河北省科学技术厅
2023-10-26T03:53:32.000+08:00,110.249.174.38,6379,河北省,石家庄市,长安区,河北省科学技术厅
2023-10-26T04:47:16.000+08:00,36.150.61.2,27888,江苏省,南京市,秦淮区,南京市公安局
2023-10-26T04:59:03.000+08:00,60.220.217.134,55070,山西省,长治市,武乡县,武乡中学校
2023-10-26T05:19:47.000+08:00,27.115.7.94,5432,上海市,上海市,长宁区,水利部交通运输部国家能源局南京水利科学研究院
2023-10-26T05:48:17.000+08:00,101.206.211.85,6379,四川省,成都市,双流区,北川羌族自治县文化广播电视和旅游局
2023-10-26T05:52:11.000+08:00,117.158.166.186,10010,河南省,信阳市,平桥区,信阳中部半导体技术有限公司
2023-10-26T05:52:12.000+08:00,117.158.166.186,10010,河南省,信阳市,平桥区,信阳中部半导体技术有限公司
2023-10-26T05:54:36.000+08:00,113.62.160.110,34912,西藏自治区,拉萨市,"",西藏贡嘎县人民医院
2023-10-26T06:05:39.000+08:00,219.148.185.78,5432,内蒙古自治区,巴彦淖尔市,临河区,巴彦淖尔市临河区文化旅游体育局
2023-10-26T06:13:45.000+08:00,115.236.62.114,10010,浙江省,杭州市,萧山区,浙江省北大信息技术高等研究院
2023-10-26T06:38:24.000+08:00,221.199.188.68,59805,内蒙古自治区,通辽市,科尔沁左翼中旗,左中教育局监控室
2023-10-26T06:47:31.000+08:00,221.199.188.68,49922,内蒙古自治区,通辽市,科尔沁左翼中旗,左中教育局监控室
2023-10-26T06:58:45.000+08:00,218.7.76.252,3306,黑龙江省,牡丹江市,市辖区,黑龙江林业职业技术学院
2023-10-26T07:00:08.000+08:00,117.158.166.186,10010,河南省,信阳市,平桥区,信阳中部半导体技术有限公司
2023-10-26T07:00:09.000+08:00,117.158.166.186,10010,河南省,信阳市,平桥区,信阳中部半导体技术有限公司
2023-10-26T07:23:07.000+08:00,60.220.217.134,43590,山西省,长治市,武乡县,武乡中学校
2023-10-26T07:29:27.000+08:00,218.7.76.252,3306,黑龙江省,牡丹江市,市辖区,黑龙江林业职业技术学院
2023-10-26T07:33:44.000+08:00,115.239.181.22,3306,浙江省,绍兴市,嵊州市,绍兴市体育局
2023-10-26T07:49:33.000+08:00,115.239.181.22,3306,浙江省,绍兴市,嵊州市,绍兴市体育局
2023-10-26T07:53:11.000+08:00,115.239.181.22,3306,浙江省,绍兴市,嵊州市,绍兴市体育局
2023-10-26T07:55:34.000+08:00,115.239.181.22,3306,浙江省,绍兴市,嵊州市,绍兴市体育局
2023-10-26T07:59:16.000+08:00,122.227.186.170,15015,浙江省,宁波市,鄞州区,海连(中国)国际货运有限公司宁波办事处
2023-10-26T08:19:23.000+08:00,113.25.249.14,5432,山西省,晋中市,平遥县,晋中市公安局交通警察支队
2023-10-26T08:20:00.000+08:00,122.227.186.170,15015,浙江省,宁波市,鄞州区,海连(中国)国际货运有限公司宁波办事处
2023-10-26T08:25:25.000+08:00,115.236.62.114,10010,浙江省,杭州市,萧山区,浙江省北大信息技术高等研究院
2023-10-26T08:46:15.000+08:00,36.153.77.139,5432,江苏省,徐州市,鼓楼区,徐州市鼓楼区琵琶街道办事处
2023-10-26T08:46:15.000+08:00,36.153.77.140,5432,江苏省,徐州市,鼓楼区,徐州市鼓楼区琵琶街道办事处
2023-10-26T09:22:15.000+08:00,117.158.166.186,10010,河南省,信阳市,平桥区,信阳中部半导体技术有限公司
2023-10-26T09:22:17.000+08:00,117.158.166.186,10010,河南省,信阳市,平桥区,信阳中部半导体技术有限公司
2023-10-26T09:22:27.000+08:00,117.158.166.186,10010,河南省,信阳市,平桥区,信阳中部半导体技术有限公司
2023-10-26T09:35:39.000+08:00,218.7.76.252,3306,黑龙江省,牡丹江市,市辖区,黑龙江林业职业技术学院
2023-10-26T09:46:59.000+08:00,115.239.181.22,3306,浙江省,绍兴市,嵊州市,绍兴市体育局
2023-10-26T09:50:48.000+08:00,117.158.166.186,10010,河南省,信阳市,平桥区,信阳中部半导体技术有限公司
2023-10-26T09:50:49.000+08:00,117.158.166.186,10010,河南省,信阳市,平桥区,信阳中部半导体技术有限公司
2023-10-26T09:51:10.000+08:00,117.158.166.186,10010,河南省,信阳市,平桥区,信阳中部半导体技术有限公司
2023-10-26T09:51:11.000+08:00,117.158.166.186,10010,河南省,信阳市,平桥区,信阳中部半导体技术有限公司
2023-10-26T10:21:20.000+08:00,202.112.23.243,30006,江苏省,南京市,雨花台区,东南大学
2023-10-26T10:25:06.000+08:00,115.239.181.22,3306,浙江省,绍兴市,嵊州市,绍兴市体育局
2023-10-26T10:39:55.000+08:00,122.227.186.170,15015,浙江省,宁波市,鄞州区,海连(中国)国际货运有限公司宁波办事处
2023-10-26T11:18:35.000+08:00,183.237.186.230,38244,广东省,广州市,市辖区,广州广电研究院有限公司
2023-10-26T11:25:25.000+08:00,123.156.228.49,1521,浙江省,金华市,婺城区,浙江联通（政企云）
2023-10-26T11:25:26.000+08:00,123.156.228.49,1521,浙江省,金华市,婺城区,浙江联通（政企云）
2023-10-26T11:25:27.000+08:00,123.156.228.49,1521,浙江省,金华市,婺城区,浙江联通（政企云）
2023-10-26T11:27:41.000+08:00,36.32.120.114,8499,安徽省,宿州市,埇桥区,中煤第七十一工程处有限责任公司
2023-10-26T11:28:00.000+08:00,36.32.120.114,8499,安徽省,宿州市,埇桥区,中煤第七十一工程处有限责任公司
2023-10-26T12:00:25.000+08:00,218.7.76.252,3306,黑龙江省,牡丹江市,市辖区,黑龙江林业职业技术学院
2023-10-26T12:00:26.000+08:00,218.7.76.252,3306,黑龙江省,牡丹江市,市辖区,黑龙江林业职业技术学院
2023-10-26T12:08:33.000+08:00,122.227.186.170,15015,浙江省,宁波市,鄞州区,海连(中国)国际货运有限公司宁波办事处
2023-10-26T12:16:33.000+08:00,122.227.186.170,15015,浙江省,宁波市,鄞州区,海连(中国)国际货运有限公司宁波办事处
2023-10-26T12:17:25.000+08:00,115.236.62.114,10010,浙江省,杭州市,萧山区,浙江省北大信息技术高等研究院
2023-10-26T12:24:24.000+08:00,218.59.241.180,39200,山东省,临沂市,沂南县,沂南县应急管理局
2023-10-26T12:26:39.000+08:00,106.38.77.45,9200,北京市,北京市,海淀区,北京信息科技大学
2023-10-26T12:31:06.000+08:00,123.13.206.63,9200,河南省,许昌市,魏都区,长葛市建设路街道办事处（产业集聚区）
2023-10-26T12:31:56.000+08:00,59.74.174.59,9200,陕西省,西安市,"",西安科技大学
2023-10-26T12:33:16.000+08:00,219.132.139.18,9200,广东省,梅州市,梅县,嘉应学院
2023-10-26T12:33:18.000+08:00,219.132.139.18,9200,广东省,梅州市,梅县,嘉应学院
2023-10-26T12:45:33.000+08:00,122.227.186.170,15015,浙江省,宁波市,鄞州区,海连(中国)国际货运有限公司宁波办事处
2023-10-26T12:52:35.000+08:00,115.236.62.114,10010,浙江省,杭州市,萧山区,浙江省北大信息技术高等研究院
2023-10-26T13:34:49.000+08:00,122.227.186.170,15015,浙江省,宁波市,鄞州区,海连(中国)国际货运有限公司宁波办事处
2023-10-26T13:39:47.000+08:00,115.239.181.22,3306,浙江省,绍兴市,嵊州市,绍兴市体育局
2023-10-26T13:45:41.000+08:00,218.7.76.252,3306,黑龙江省,牡丹江市,市辖区,黑龙江林业职业技术学院
2023-10-26T13:45:56.000+08:00,115.239.181.22,3306,浙江省,绍兴市,嵊州市,绍兴市体育局
2023-10-26T13:47:59.000+08:00,218.7.76.252,3306,黑龙江省,牡丹江市,市辖区,黑龙江林业职业技术学院
2023-10-26T13:48:03.000+08:00,218.7.76.252,3306,黑龙江省,牡丹江市,市辖区,黑龙江林业职业技术学院
2023-10-26T13:56:33.000+08:00,122.227.186.170,15015,浙江省,宁波市,鄞州区,海连(中国)国际货运有限公司宁波办事处
2023-10-26T14:06:33.000+08:00,122.227.186.170,15015,浙江省,宁波市,鄞州区,海连(中国)国际货运有限公司宁波办事处
2023-10-26T14:12:30.000+08:00,218.7.76.252,3306,黑龙江省,牡丹江市,市辖区,黑龙江林业职业技术学院
2023-10-26T14:25:01.000+08:00,166.111.112.89,23756,北京市,北京市,海淀区,清华大学
2023-10-26T14:25:13.000+08:00,166.111.112.89,23756,北京市,北京市,海淀区,清华大学
2023-10-26T14:25:27.000+08:00,166.111.112.89,23756,北京市,北京市,海淀区,清华大学
2023-10-26T14:29:33.000+08:00,122.227.186.170,15015,浙江省,宁波市,鄞州区,海连(中国)国际货运有限公司宁波办事处
2023-10-26T15:01:19.000+08:00,61.174.171.61,6379,浙江省,宁波市,余姚市,宁波市智能制造产业研究院
2023-10-26T15:16:06.000+08:00,60.191.119.59,3333,浙江省,杭州市,滨江区,杭州国际学校
2023-10-26T15:16:07.000+08:00,60.191.119.59,3333,浙江省,杭州市,滨江区,杭州国际学校
2023-10-26T15:16:08.000+08:00,60.191.119.59,3333,浙江省,杭州市,滨江区,杭州国际学校
2023-10-26T15:18:24.000+08:00,115.239.181.22,3306,浙江省,绍兴市,嵊州市,绍兴市体育局
2023-10-26T15:18:29.000+08:00,166.111.112.89,23756,北京市,北京市,海淀区,清华大学
2023-10-26T15:18:31.000+08:00,166.111.112.89,23756,北京市,北京市,海淀区,清华大学
2023-10-26T15:24:09.000+08:00,218.94.80.204,5432,江苏省,南京市,玄武区,江苏省戒毒管理局
2023-10-26T15:30:12.000+08:00,218.7.76.252,3306,黑龙江省,牡丹江市,市辖区,黑龙江林业职业技术学院
2023-10-26T15:36:03.000+08:00,202.112.23.243,30006,江苏省,南京市,雨花台区,东南大学
2023-10-26T15:37:10.000+08:00,123.156.228.49,1521,浙江省,金华市,婺城区,浙江联通（政企云）
2023-10-26T15:37:25.000+08:00,123.156.228.49,1521,浙江省,金华市,婺城区,浙江联通（政企云）
2023-10-26T15:38:13.000+08:00,123.156.228.49,1521,浙江省,金华市,婺城区,浙江联通（政企云）
2023-10-26T15:38:28.000+08:00,122.227.186.170,15015,浙江省,宁波市,鄞州区,海连(中国)国际货运有限公司宁波办事处
2023-10-26T15:39:55.000+08:00,27.115.7.94,5432,上海市,上海市,长宁区,水利部交通运输部国家能源局南京水利科学研究院
2023-10-26T15:47:24.000+08:00,218.14.151.181,3306,广东省,江门市,开平市,开平市政务服务数据管理局
2023-10-26T16:03:49.000+08:00,60.164.251.189,5432,甘肃省,临夏回族自治州,临夏市,州中医院
2023-10-26T16:09:18.000+08:00,218.92.11.122,5432,江苏省,连云港市,连云区,中共连云港市委组织部
2023-10-26T16:09:41.000+08:00,60.220.217.134,37508,山西省,长治市,武乡县,武乡中学校
2023-10-26T16:17:31.000+08:00,218.92.11.122,5432,江苏省,连云港市,连云区,中共连云港市委组织部
2023-10-26T16:27:08.000+08:00,220.250.29.188,5432,福建省,福州市,晋安区,福州城建设计研究院有限公司
2023-10-26T16:29:37.000+08:00,166.111.112.89,23756,北京市,北京市,海淀区,清华大学
2023-10-26T16:32:06.000+08:00,221.199.188.68,54345,内蒙古自治区,通辽市,科尔沁左翼中旗,左中教育局监控室
2023-10-26T16:47:21.000+08:00,115.239.181.22,3306,浙江省,绍兴市,嵊州市,绍兴市体育局
2023-10-26T17:03:57.000+08:00,60.164.251.189,5432,甘肃省,临夏回族自治州,临夏市,州中医院
2023-10-26T17:15:14.000+08:00,58.62.223.210,1433,广东省,广州市,白云区,广州市天河区逍遥网络服务经营部
2023-10-26T17:28:03.000+08:00,218.108.35.246,5432,浙江省,杭州市,市辖区,招商银行杭州分行WIFI项目-翠苑社区支行
2023-10-26T17:35:12.000+08:00,58.62.223.210,1433,广东省,广州市,白云区,广州市天河区逍遥网络服务经营部
2023-10-26T17:36:48.000+08:00,117.158.166.186,10010,河南省,信阳市,平桥区,信阳中部半导体技术有限公司
2023-10-26T17:37:04.000+08:00,117.158.166.186,10010,河南省,信阳市,平桥区,信阳中部半导体技术有限公司
2023-10-26T17:37:05.000+08:00,117.158.166.186,10010,河南省,信阳市,平桥区,信阳中部半导体技术有限公司
2023-10-26T17:37:06.000+08:00,117.158.166.186,10010,河南省,信阳市,平桥区,信阳中部半导体技术有限公司
2023-10-26T17:37:07.000+08:00,117.158.166.186,10010,河南省,信阳市,平桥区,信阳中部半导体技术有限公司
2023-10-26T17:37:08.000+08:00,117.158.166.186,10010,河南省,信阳市,平桥区,信阳中部半导体技术有限公司
2023-10-26T17:37:09.000+08:00,117.158.166.186,10010,河南省,信阳市,平桥区,信阳中部半导体技术有限公司
2023-10-26T17:49:38.000+08:00,117.158.166.186,10010,河南省,信阳市,平桥区,信阳中部半导体技术有限公司
2023-10-26T18:10:31.000+08:00,122.227.186.170,15015,浙江省,宁波市,鄞州区,海连(中国)国际货运有限公司宁波办事处
2023-10-26T18:37:16.000+08:00,115.239.181.22,3306,浙江省,绍兴市,嵊州市,绍兴市体育局
2023-10-26T18:49:07.000+08:00,202.112.23.243,30006,江苏省,南京市,雨花台区,东南大学
2023-10-26T18:53:26.000+08:00,120.253.26.126,27017,宁夏回族自治区,石嘴山市,惠农区,同心县教育局
2023-10-26T18:53:29.000+08:00,120.253.26.126,27017,宁夏回族自治区,石嘴山市,惠农区,同心县教育局
2023-10-26T18:53:30.000+08:00,120.253.26.126,27017,宁夏回族自治区,石嘴山市,惠农区,同心县教育局
2023-10-26T18:53:31.000+08:00,120.253.26.126,27017,宁夏回族自治区,石嘴山市,惠农区,同心县教育局
2023-10-26T18:53:32.000+08:00,120.253.26.126,27017,宁夏回族自治区,石嘴山市,惠农区,同心县教育局
2023-10-26T18:53:33.000+08:00,120.253.26.126,27017,宁夏回族自治区,石嘴山市,惠农区,同心县教育局
2023-10-26T18:53:34.000+08:00,120.253.26.126,27017,宁夏回族自治区,石嘴山市,惠农区,同心县教育局
2023-10-26T18:55:12.000+08:00,58.62.223.210,1433,广东省,广州市,白云区,广州市天河区逍遥网络服务经营部
2023-10-26T19:20:09.000+08:00,58.62.223.210,1433,广东省,广州市,白云区,广州市天河区逍遥网络服务经营部
2023-10-26T19:30:13.000+08:00,58.62.223.210,1433,广东省,广州市,白云区,广州市天河区逍遥网络服务经营部
2023-10-26T19:55:14.000+08:00,58.62.223.210,1433,广东省,广州市,白云区,广州市天河区逍遥网络服务经营部
2023-10-26T19:56:02.000+08:00,221.199.188.68,33758,内蒙古自治区,通辽市,科尔沁左翼中旗,左中教育局监控室
2023-10-26T20:14:45.000+08:00,222.143.28.94,5432,河南省,郑州市,市辖区,河南省大数据管理局
2023-10-26T20:45:14.000+08:00,60.220.217.134,47044,山西省,长治市,武乡县,武乡中学校
2023-10-26T20:49:53.000+08:00,60.220.217.134,37766,山西省,长治市,武乡县,武乡中学校
2023-10-26T21:06:55.000+08:00,36.32.120.114,8499,安徽省,宿州市,埇桥区,中煤第七十一工程处有限责任公司
2023-10-26T21:10:16.000+08:00,36.32.120.114,8499,安徽省,宿州市,埇桥区,中煤第七十一工程处有限责任公司
2023-10-26T21:12:43.000+08:00,36.32.120.114,8499,安徽省,宿州市,埇桥区,中煤第七十一工程处有限责任公司
2023-10-26T21:18:32.000+08:00,36.32.120.114,8499,安徽省,宿州市,埇桥区,中煤第七十一工程处有限责任公司
2023-10-26T21:47:54.000+08:00,117.158.166.186,10010,河南省,信阳市,平桥区,信阳中部半导体技术有限公司
2023-10-26T22:58:50.000+08:00,166.111.112.89,23756,北京市,北京市,海淀区,清华大学
2023-10-26T23:45:39.000+08:00,60.31.143.149,3307,内蒙古自治区,乌兰察布市,集宁区,乌兰察布市税务局办公楼
